City_ID,City,Country,Lat,Lng,Max Temp,Humidity,Cloudiness,Wind Speed,Current Description
0,Tasiilaq,GL,65.6145,-37.6368,19.13,78,100,40.67,overcast clouds
1,Bilma,NE,18.6853,12.9164,57.99,22,3,6.67,clear sky
2,Punta Arenas,CL,-53.15,-70.9167,57.22,62,0,8.05,clear sky
3,Woodward,US,36.4337,-99.3904,36.63,51,0,10.36,clear sky
4,Praia Da Vitoria,PT,38.7333,-27.0667,57.76,94,40,11.79,scattered clouds
5,Rikitea,PF,-23.1203,-134.9692,78.55,71,10,7.87,light rain
6,Rawson,AR,-43.3002,-65.1023,60.49,67,78,23.33,broken clouds
7,Cayenne,GF,4.9333,-52.3333,79.09,88,0,1.99,clear sky
8,Esperance,AU,-33.8667,121.9,62.44,70,2,15.03,clear sky
9,Port Elizabeth,ZA,-33.918,25.5701,66.49,77,75,2.3,broken clouds
10,Saint-Philippe,RE,-21.3585,55.7679,80.15,87,100,25.03,light rain
11,Hofn,IS,64.2539,-15.2082,26.62,59,0,13.8,clear sky
12,Atuona,PF,-9.8,-139.0333,78.66,76,23,16.62,light rain
13,Antalaha,MG,-14.9003,50.2788,75.96,82,100,5.41,light rain
14,Lebu,CL,-37.6167,-73.65,59.85,82,1,18.41,clear sky
15,Ushuaia,AR,-54.8,-68.3,53.26,54,0,17.27,clear sky
16,Butaritari,KI,3.0707,172.7902,82.65,75,17,18.28,few clouds
17,Nikolskoye,RU,59.7035,30.7861,19.29,90,74,11.61,broken clouds
18,Puerto Ayora,EC,-0.7393,-90.3518,82.36,88,83,7.0,broken clouds
19,Warrington,GB,53.3925,-2.5802,42.46,81,25,5.99,scattered clouds
20,Vaini,TO,-21.2,-175.2,78.96,94,75,14.97,light rain
21,New Norfolk,AU,-42.7826,147.0587,67.75,67,38,1.99,scattered clouds
22,Mangalia,RO,43.8,28.5833,38.08,78,21,10.27,few clouds
23,Taft,IR,31.7471,54.2088,60.75,39,75,2.3,broken clouds
24,Vila Franca Do Campo,PT,37.7167,-25.4333,61.2,77,100,10.27,overcast clouds
25,Cidreira,BR,-30.1811,-50.2056,72.37,93,100,5.48,overcast clouds
26,Tsotilion,GR,40.2667,21.3167,26.42,83,3,4.32,clear sky
27,Busselton,AU,-33.65,115.3333,73.96,41,0,2.98,clear sky
28,Tocopilla,CL,-22.092,-70.1979,72.05,69,16,14.79,few clouds
29,Labuhan,ID,-6.8844,112.2051,78.37,84,83,8.34,broken clouds
30,Pangnirtung,CA,66.1451,-65.7125,-18.4,69,75,6.91,broken clouds
31,Hobart,AU,-42.8794,147.3294,67.12,80,75,6.91,broken clouds
32,Bredasdorp,ZA,-34.5322,20.0403,65.52,63,27,10.36,scattered clouds
33,Willowmore,ZA,-33.2926,23.4895,56.37,79,28,10.6,scattered clouds
34,Shingu,JP,33.7333,135.9833,39.9,61,29,16.4,scattered clouds
35,Troitsko-Pechorsk,RU,62.7084,56.1964,-8.16,100,98,0.54,overcast clouds
36,Pisco,PE,-13.7,-76.2167,73.45,68,0,24.16,clear sky
37,Albany,US,42.6001,-73.9662,22.48,87,100,1.01,snow
38,Des Moines,US,41.6005,-93.6091,21.79,59,20,4.0,few clouds
39,Sao Joao Da Barra,BR,-21.6403,-41.0511,76.57,84,45,22.86,scattered clouds
40,Provideniya,RU,64.3833,-173.3,3.63,59,0,12.93,clear sky
41,Mataura,NZ,-46.1927,168.8643,55.47,52,90,4.05,overcast clouds
42,West Plains,US,36.7281,-91.8524,34.63,51,0,8.05,clear sky
43,Itupiranga,BR,-5.1347,-49.3267,75.07,95,93,2.53,overcast clouds
44,Fairbanks,US,64.8378,-147.7164,6.82,62,75,0.0,broken clouds
45,Yellowknife,CA,62.456,-114.3525,-23.58,75,40,3.44,scattered clouds
46,Svetlaya,RU,46.5389,138.3297,4.75,74,62,9.66,broken clouds
47,Tuktoyaktuk,CA,69.4541,-133.0374,-23.8,76,0,18.41,clear sky
48,Poum,NC,-20.2333,164.0167,81.48,82,100,19.93,overcast clouds
49,Flinders,AU,-34.5833,150.8552,69.19,76,93,8.99,light rain
50,Palmer,US,42.1584,-72.3287,31.62,97,100,1.99,mist
51,Cape Town,ZA,-33.9258,18.4232,65.88,64,0,7.0,clear sky
52,Norman Wells,CA,65.282,-126.8329,-16.56,63,75,19.57,broken clouds
53,Victoria,HK,22.2855,114.1577,58.24,78,99,1.99,overcast clouds
54,Beaufort,MY,5.3473,115.7455,78.96,92,98,2.84,overcast clouds
55,Parrita,CR,9.5201,-84.3225,92.97,74,17,5.21,few clouds
56,Margate,GB,51.3813,1.3862,41.95,75,33,1.99,scattered clouds
57,Sakakah,SA,29.9697,40.2064,49.57,68,18,13.69,few clouds
58,Taoudenni,ML,22.6783,-3.9836,67.53,12,70,10.33,broken clouds
59,Upernavik,GL,72.7868,-56.1549,-1.37,98,94,4.79,overcast clouds
60,Sao Filipe,CV,14.8961,-24.4956,73.78,71,0,6.76,clear sky
61,Ozinki,RU,51.1786,49.6769,29.59,99,100,3.44,overcast clouds
62,Pringsewu,ID,-5.3582,104.9744,73.0,99,99,2.75,overcast clouds
63,Hilo,US,19.7297,-155.09,80.62,75,100,5.75,overcast clouds
64,Champerico,GT,14.3,-91.9167,93.74,61,6,12.66,clear sky
65,Berlevag,NO,70.8578,29.0864,22.01,84,100,32.35,overcast clouds
66,Lorengau,PG,-2.0226,147.2712,83.5,67,79,5.91,broken clouds
67,Tarbagatay,RU,51.4803,107.3602,-11.52,97,100,3.78,overcast clouds
68,Charters Towers,AU,-20.1,146.2667,77.94,67,60,14.25,broken clouds
69,Zhigansk,RU,66.7697,123.3711,-29.88,99,99,5.14,overcast clouds
70,Marsh Harbour,BS,26.5412,-77.0636,74.03,64,60,11.01,broken clouds
71,Tiksi,RU,71.6872,128.8694,-20.6,98,100,7.05,overcast clouds
72,Palora,EC,-1.7,-77.9333,73.51,90,71,1.39,light rain
73,Bambous Virieux,MU,-20.3428,57.7575,79.21,89,75,16.11,light rain
74,Edremit,TR,39.5961,27.0244,33.76,73,4,2.55,clear sky
75,Yanam,IN,16.7333,82.2167,67.17,97,31,2.48,scattered clouds
76,Darhan,MN,49.4867,105.9228,-9.42,97,14,5.53,few clouds
77,Arlit,NE,18.7369,7.3853,58.57,20,0,7.18,clear sky
78,Serik,TR,36.9169,31.0989,44.74,63,27,13.56,scattered clouds
79,Lafia,NG,8.4833,8.5167,77.49,15,0,5.91,clear sky
80,Khatanga,RU,71.9667,102.5,-37.07,100,66,3.02,broken clouds
81,Callaway,US,30.153,-85.5699,53.53,96,75,5.01,broken clouds
82,Severo-Kurilsk,RU,50.6789,156.125,29.75,92,100,6.64,light snow
83,Srednekolymsk,RU,67.45,153.6833,-36.17,100,100,2.13,overcast clouds
84,Narsaq,GL,60.9167,-46.05,-2.45,61,11,13.51,few clouds
85,Barrow,US,71.2906,-156.7887,-25.58,75,100,9.22,haze
86,Thompson,CA,55.7435,-97.8558,-9.24,59,20,8.05,few clouds
87,Mehamn,NO,71.0357,27.8492,21.09,89,100,30.91,light snow
88,Padang,ID,-0.9492,100.3543,73.45,91,100,3.2,overcast clouds
89,Ilulissat,GL,69.2167,-51.1,3.94,85,100,14.05,light snow
90,Chornukhy,UA,50.2673,32.942,15.42,95,100,4.38,overcast clouds
91,Port Alfred,ZA,-33.5906,26.891,68.54,80,100,7.0,overcast clouds
92,Iqaluit,CA,63.7506,-68.5145,-16.87,52,75,4.61,broken clouds
93,Muisne,EC,0.6,-80.0333,80.71,78,45,7.4,scattered clouds
94,Salalah,OM,17.0151,54.0924,69.06,68,2,2.19,clear sky
95,Acari,PE,-15.4311,-74.6158,75.51,68,10,8.14,clear sky
96,Nome,US,64.5011,-165.4064,6.17,59,100,5.39,overcast clouds
97,Teya,RU,60.3778,92.6267,17.11,89,100,8.88,overcast clouds
98,Komsomolskiy,UZ,40.4272,71.7189,36.82,68,11,4.61,few clouds
99,Castro,BR,-24.7911,-50.0119,66.15,96,96,4.99,overcast clouds
100,Belmonte,BR,-15.8631,-38.8828,81.1,79,100,11.18,overcast clouds
101,Zeya,RU,53.75,127.2667,-3.17,86,100,3.69,overcast clouds
102,Tual,ID,-5.6667,132.75,83.79,76,100,15.7,overcast clouds
103,Kahului,US,20.8947,-156.47,85.26,73,0,8.99,clear sky
104,Opuwo,NA,-18.0607,13.84,68.81,51,67,2.53,broken clouds
105,Cubarral,CO,3.7935,-73.8406,80.71,62,97,3.87,overcast clouds
106,Jamestown,US,42.097,-79.2353,21.09,65,100,4.0,overcast clouds
107,Olafsvik,IS,64.8945,-23.7142,27.86,70,100,24.94,overcast clouds
108,Mitsamiouli,KM,-11.3847,43.2844,81.16,81,96,11.7,light rain
109,Udachnyy,RU,66.4167,112.4,-32.48,100,68,3.76,broken clouds
110,Bluff,NZ,-46.6,168.3333,55.8,58,93,6.02,overcast clouds
111,Sainte-Maxime,FR,43.3,6.6333,55.99,52,27,7.09,scattered clouds
112,Tecoanapa,MX,16.5167,-98.75,80.87,61,0,7.94,clear sky
113,Dabou,CI,5.3256,-4.3769,82.2,88,1,6.91,clear sky
114,Am Timan,TD,11.0297,20.2827,73.63,17,11,6.73,few clouds
115,Hithadhoo,MV,-0.6,73.0833,81.52,74,82,11.41,broken clouds
116,Saint Austell,GB,50.3383,-4.7658,43.25,70,63,10.89,broken clouds
117,Mar Del Plata,AR,-38.0023,-57.5575,70.09,85,75,1.01,moderate rain
118,Bolama,GW,11.5833,-15.4667,75.54,74,3,10.94,clear sky
119,Bluffton,US,32.2371,-80.8604,67.05,94,40,1.01,scattered clouds
120,Bethel,US,41.3712,-73.414,34.16,87,100,9.22,light snow
121,Vardo,NO,70.3705,31.1107,17.8,90,100,28.79,light snow
122,Hermanus,ZA,-34.4187,19.2345,62.8,68,0,18.99,clear sky
123,Coquimbo,CL,-29.9533,-71.3436,67.73,68,0,10.36,clear sky
124,Lompoc,US,34.6391,-120.4579,71.02,33,0,9.22,clear sky
125,Avarua,CK,-21.2078,-159.775,82.45,78,40,17.27,scattered clouds
126,Benton Harbor,US,42.1167,-86.4542,21.43,73,100,11.5,overcast clouds
127,Shelburne,CA,44.0787,-80.2041,11.12,83,100,7.11,overcast clouds
128,Ahipara,NZ,-35.1667,173.1667,77.7,70,94,15.21,overcast clouds
129,Huarmey,PE,-10.0681,-78.1522,73.51,77,12,11.14,few clouds
130,Namibe,AO,-15.1961,12.1522,72.01,73,92,7.09,overcast clouds
131,Naze,JP,28.3667,129.4833,52.72,60,80,17.27,broken clouds
132,Dikson,RU,73.5069,80.5464,-3.3,95,100,6.73,overcast clouds
133,Hurghada,EG,27.2574,33.8129,59.04,44,0,11.5,clear sky
134,Muros,ES,42.7762,-9.0603,51.1,88,88,13.82,overcast clouds
135,Souillac,MU,-20.5167,57.5167,79.36,89,75,16.11,light rain
136,Lubango,AO,-14.9172,13.4925,58.69,59,60,3.78,broken clouds
137,Qaanaaq,GL,77.484,-69.3632,-0.72,69,100,7.67,overcast clouds
138,Neuquen,AR,-38.9516,-68.0591,76.89,38,20,8.05,few clouds
139,Stryn,NO,61.9045,6.7226,39.88,97,100,9.08,overcast clouds
140,Touros,BR,-5.1989,-35.4608,81.5,71,12,13.96,few clouds
141,Kapoeta,SS,4.7717,33.5903,82.2,36,100,4.65,overcast clouds
142,Tiarei,PF,-17.5333,-149.3333,80.62,76,11,16.13,light rain
143,Gizo,SB,-8.103,156.8419,83.41,78,92,11.56,moderate rain
144,Carnarvon,AU,-24.8667,113.6333,77.07,65,76,9.22,broken clouds
145,Asfi,MA,32.2994,-9.2372,63.43,56,95,14.63,overcast clouds
146,Matamoros,MX,25.5333,-103.25,51.89,38,36,11.86,scattered clouds
147,Pelym,RU,61.0108,61.9978,3.72,97,100,1.7,overcast clouds
148,Ongole,IN,15.5,80.05,71.35,92,25,2.84,scattered clouds
149,Revda,RU,56.801,59.9303,20.21,98,100,2.68,overcast clouds
150,Kavaratti,IN,10.5669,72.642,77.92,60,98,5.53,overcast clouds
151,East London,ZA,-33.0153,27.9116,68.88,83,100,7.85,light rain
152,Fort Nelson,CA,58.8053,-122.7002,-11.61,77,100,2.3,light snow
153,Tabriz,IR,38.08,46.2919,31.46,100,100,2.3,mist
154,Saint George,US,37.1041,-113.5841,51.94,22,0,3.0,clear sky
155,Katobu,ID,-4.9408,122.5276,77.49,90,100,3.11,overcast clouds
156,Chapais,CA,49.7834,-74.8492,-6.02,94,97,4.16,overcast clouds
157,Saskylakh,RU,71.9167,114.0833,-6.83,99,100,5.91,overcast clouds
158,Oranjemund,NA,-28.55,16.4333,63.73,85,4,13.13,clear sky
159,Tuatapere,NZ,-46.1333,167.6833,55.81,58,96,4.18,overcast clouds
160,Bitung,ID,1.4451,125.1824,72.45,84,100,5.77,overcast clouds
161,Arraial Do Cabo,BR,-22.9661,-42.0278,76.96,94,40,11.5,scattered clouds
162,Riyadh,SA,24.6877,46.7219,66.34,61,54,11.63,broken clouds
163,Alice Springs,AU,-23.7,133.8833,63.95,72,2,0.0,clear sky
164,Qui Nhon,VN,13.7667,109.2333,73.24,88,70,15.23,broken clouds
165,Konyshevka,RU,51.8418,35.2941,15.51,100,89,3.74,overcast clouds
166,Namatanai,PG,-3.6667,152.4333,83.8,70,86,8.59,overcast clouds
167,Varhaug,NO,58.6147,5.6457,37.89,67,100,25.05,moderate rain
168,Puerto Cabello,VE,10.4731,-68.0125,76.35,82,1,7.85,clear sky
169,Bandar,ID,2.05,99.75,71.47,96,99,2.13,overcast clouds
170,Mariental,NA,-24.6333,17.9667,78.21,29,16,10.85,few clouds
171,Kapaa,US,22.0752,-159.319,80.47,59,0,1.99,clear sky
172,Ati,TD,13.2154,18.3353,65.73,15,0,16.55,clear sky
173,Deputatskiy,RU,69.3,139.9,-30.24,100,70,2.44,broken clouds
174,Omsukchan,RU,62.5333,155.8,-19.07,77,6,7.38,clear sky
175,Temple Terrace,US,28.0353,-82.3893,81.23,79,0,11.5,clear sky
176,Zambezi,ZM,-13.5432,23.1047,63.57,97,94,4.61,overcast clouds
177,Torbay,CA,47.6666,-52.7314,32.76,96,100,12.66,mist
178,Cabanas,CU,22.9758,-82.9219,80.56,75,27,8.79,scattered clouds
179,Papetoai,PF,-17.4961,-149.8729,80.19,74,5,14.54,light rain
180,Guapore,BR,-28.8456,-51.8903,72.39,99,72,1.83,broken clouds
181,Nuuk,GL,64.1835,-51.7216,5.88,50,100,11.99,overcast clouds
182,Genhe,CN,50.7833,121.5167,-3.93,99,100,3.02,overcast clouds
183,Marshall,US,34.3834,-86.3333,35.42,78,100,1.99,overcast clouds
184,Ciudad Bolivar,VE,8.1222,-63.5497,88.16,36,30,8.14,scattered clouds
185,Sola,VU,-13.8833,167.55,81.7,78,100,24.49,light rain
186,Port Macquarie,AU,-31.4333,152.9167,69.89,64,85,16.89,overcast clouds
187,Bathsheba,BB,13.2167,-59.5167,79.41,69,40,12.66,scattered clouds
188,Limoges,FR,45.75,1.3333,44.24,100,100,4.61,mist
189,Dunedin,NZ,-45.8742,170.5036,58.8,57,100,8.01,overcast clouds
190,Faanui,PF,-16.4833,-151.75,80.92,74,27,14.16,light rain
191,Kamenka,RU,51.3223,42.7678,11.25,98,95,6.96,overcast clouds
192,Kodiak,US,57.79,-152.4072,36.91,75,100,4.61,overcast clouds
193,Moranbah,AU,-22.0016,148.0466,76.03,57,50,21.68,scattered clouds
194,Mecca,SA,21.4267,39.8261,59.65,57,41,14.92,scattered clouds
195,Klaksvik,FO,62.2266,-6.589,34.72,53,93,34.92,overcast clouds
196,Haines Junction,CA,60.7522,-137.5108,6.75,61,100,1.14,overcast clouds
197,Letychiv,UA,49.3826,27.6305,27.5,97,98,7.38,light snow
198,Buin,CL,-33.7333,-70.75,84.52,33,0,7.94,clear sky
199,Porto Velho,BR,-8.7619,-63.9039,77.05,94,75,3.44,broken clouds
200,Fortuna,US,40.5982,-124.1573,62.19,78,0,4.0,clear sky
201,Santiago,CL,-33.4569,-70.6483,83.64,33,20,9.22,few clouds
202,Geraldton,AU,-28.7667,114.6,75.61,27,0,11.5,clear sky
203,Vytegra,RU,61.0064,36.4481,2.66,97,77,7.05,broken clouds
204,Jalu,LY,29.0331,21.5482,51.76,68,0,8.21,clear sky
205,Alghero,IT,40.5589,8.3181,51.98,93,40,2.3,scattered clouds
206,Aklavik,CA,68.2191,-135.0107,-17.57,75,0,11.5,clear sky
207,Cefalu,IT,38.0386,14.0229,56.75,53,1,4.0,clear sky
208,Krasyliv,UA,49.6519,26.9725,29.32,97,98,7.05,overcast clouds
209,Yairipok,IN,24.6667,94.0667,52.12,89,98,2.06,overcast clouds
210,Ribeira Grande,PT,38.5167,-28.7,59.27,82,87,14.65,overcast clouds
211,Ponta Do Sol,PT,32.6667,-17.1,66.7,66,100,2.46,overcast clouds
212,Guayaquil,EC,-2.1667,-79.9,87.76,58,75,5.75,broken clouds
213,Cabo San Lucas,MX,22.8909,-109.9124,74.61,57,7,6.62,clear sky
214,Garowe,SO,8.4054,48.4845,64.27,50,34,9.86,scattered clouds
215,Santa Vitoria Do Palmar,BR,-33.5189,-53.3681,71.62,92,13,7.43,few clouds
216,Boa Vista,BR,2.8197,-60.6733,87.78,48,40,10.36,scattered clouds
217,Guerrero Negro,MX,27.9769,-114.0611,66.88,19,0,7.61,clear sky
218,San Patricio,US,28.017,-97.5169,46.49,51,57,17.22,broken clouds
219,Imamoglu,TR,37.2651,35.6572,45.63,70,5,7.07,clear sky
220,Tiznit,MA,29.5833,-9.5,62.69,35,99,3.15,overcast clouds
221,Dryden,CA,49.7833,-92.7503,1.69,60,0,8.05,clear sky
222,Longyearbyen,SJ,78.2186,15.6401,19.24,63,40,16.11,scattered clouds
223,Kaitangata,NZ,-46.2817,169.8464,56.68,49,84,4.85,broken clouds
224,Praya,CV,14.9215,-23.5087,72.14,68,0,17.27,clear sky
225,Ebolowa,CM,2.9,11.15,69.3,96,85,2.01,overcast clouds
226,Takaungu,KE,-3.6837,39.8566,76.44,91,97,4.88,overcast clouds
227,Batesville,US,35.7698,-91.641,36.01,38,0,8.05,clear sky
228,Salamanca,ES,40.8333,-6.0,38.98,87,99,1.16,overcast clouds
229,Saint-Louis,SN,16.3333,-15.0,77.38,8,0,9.46,clear sky
230,Kasongo-Lunda,CD,-6.4667,16.8167,68.77,95,98,1.3,overcast clouds
231,Bayir,TR,37.2687,28.2167,34.32,77,20,4.9,few clouds
232,Airai,TL,-8.9266,125.4092,64.67,80,86,1.45,overcast clouds
233,Tigil,RU,57.8,158.6667,4.5,89,96,2.68,overcast clouds
234,Alofi,NU,-19.0595,-169.9187,82.29,78,100,9.22,overcast clouds
235,Tuburan,PH,6.6439,122.2736,77.09,78,100,12.55,overcast clouds
236,Batemans Bay,AU,-35.7167,150.1833,66.99,80,89,10.4,light rain
237,Grand-Santi,GF,4.25,-54.3833,73.49,98,80,2.71,light rain
238,Agua Verde,MX,22.9,-106.05,77.09,59,0,10.92,clear sky
239,Chokurdakh,RU,70.6333,147.9167,-31.11,100,44,2.06,scattered clouds
240,Alenquer,BR,-1.9417,-54.7383,79.14,93,100,1.92,overcast clouds
241,Longonjo,AO,-12.9067,15.2533,61.9,92,95,3.53,overcast clouds
242,Lesnoy,RU,57.6198,63.0784,19.99,94,100,5.08,overcast clouds
243,Ayr,GB,55.4627,-4.6339,40.98,70,40,16.11,scattered clouds
244,Koumra,TD,8.9126,17.5539,75.31,13,50,7.43,scattered clouds
245,Sadovyy,RU,53.3,34.3333,21.76,73,98,0.0,overcast clouds
246,Soyo,AO,-6.1349,12.3689,77.92,78,70,6.6,broken clouds
247,Jeremie,HT,18.65,-74.1167,77.31,73,12,3.76,few clouds
248,Nanortalik,GL,60.1432,-45.2371,10.74,73,100,39.01,overcast clouds
249,Yarada,IN,17.65,83.2667,73.72,94,40,2.3,mist
250,Awang,PH,7.1531,124.2211,74.66,87,100,7.07,overcast clouds
251,High Level,CA,58.5169,-117.136,-0.29,78,100,8.05,light snow
252,Ormara,PK,25.2088,64.6357,70.5,48,1,13.38,clear sky
253,Marzuq,YE,14.4,46.4667,62.65,46,5,5.91,clear sky
254,Manoel Urbano,BR,-8.8389,-69.2597,74.82,97,81,3.11,broken clouds
255,Chengzihe,CN,45.3333,131.0667,-10.16,92,17,5.53,few clouds
256,Sandy Bay,AU,-42.913,147.3532,67.15,80,75,6.91,broken clouds
257,Clyde River,CA,70.4692,-68.5914,-7.37,77,100,8.05,light snow
258,Yuryev-Polskiy,RU,56.5,39.6833,0.73,100,100,5.41,light snow
259,Port-Gentil,GA,-0.7193,8.7815,79.9,79,76,8.93,broken clouds
260,Lavrentiya,RU,65.5833,-171.0,-4.54,73,0,6.67,clear sky
261,Olinda,BR,-8.0089,-34.8553,82.13,65,40,8.05,scattered clouds
262,Inta,RU,66.0317,60.1659,5.27,97,99,7.23,overcast clouds
263,Ancud,CL,-41.8697,-73.8203,63.93,74,83,4.38,broken clouds
264,Chuy,UY,-33.6971,-53.4616,70.86,91,12,7.16,few clouds
265,Tanda,IN,26.55,82.65,49.62,92,3,3.22,clear sky
266,Rock Sound,BS,24.9,-76.2,74.75,60,26,10.0,scattered clouds
267,Raga,SS,8.4596,25.678,75.38,17,100,9.66,overcast clouds
268,Avera,US,33.194,-82.5271,62.11,88,100,12.35,light rain
269,Te Karaka,NZ,-38.4654,177.8679,82.36,48,8,5.7,clear sky
270,Mahebourg,MU,-20.4081,57.7,79.25,89,75,16.11,broken clouds
271,Tautira,PF,-17.7333,-149.15,80.62,77,21,15.9,light rain
272,Samana,DO,19.2056,-69.3369,78.76,85,32,9.93,scattered clouds
273,Sumbe,AO,-11.2061,13.8437,75.83,78,100,8.79,overcast clouds
274,Phalodi,IN,27.1333,72.3667,58.96,17,0,7.94,clear sky
275,Mamburao,PH,13.25,120.6667,75.7,86,98,9.93,overcast clouds
276,Porto Novo,BJ,6.4965,2.6036,82.22,82,2,5.75,clear sky
277,Hasaki,JP,35.7333,140.8333,36.0,40,45,25.01,scattered clouds
278,Obo,CF,5.3998,26.4869,74.89,25,98,3.02,overcast clouds
279,Chifeng,CN,42.2683,118.9636,4.89,59,0,8.68,clear sky
280,Port Augusta,AU,-32.5,137.7667,79.7,26,57,8.25,broken clouds
281,Bend,US,44.0582,-121.3153,52.47,37,100,1.99,overcast clouds
282,Balaipungut,ID,1.05,101.2833,71.89,98,92,0.81,light rain
283,Minas,UY,-34.3759,-55.2377,72.07,87,68,7.78,broken clouds
284,Lazaro Cardenas,MX,17.9583,-102.2,79.38,61,6,6.4,clear sky
285,Ginir,ET,7.1333,40.7,58.57,23,2,4.29,clear sky
286,Keetmanshoop,NA,-26.5833,18.1333,79.47,39,62,9.06,broken clouds
287,Sinnamary,GF,5.3833,-52.95,76.14,88,100,8.57,overcast clouds
288,Benito Juarez,MX,19.385,-99.165,73.22,24,40,8.01,scattered clouds
289,College,US,64.8569,-147.8028,6.8,61,75,0.0,broken clouds
290,Itamaraju,BR,-17.0392,-39.5311,74.43,93,100,3.31,overcast clouds
291,Bronnoysund,NO,65.4625,12.1997,37.4,52,75,25.32,broken clouds
292,Kirakira,SB,-10.4544,161.9205,83.17,80,100,6.24,overcast clouds
293,Yumen,CN,40.2833,97.2,14.83,38,100,12.59,overcast clouds
294,Todos Santos,MX,23.45,-110.2167,74.1,58,0,6.42,clear sky
295,Kananga,CD,-5.8958,22.4178,67.62,89,100,2.57,overcast clouds
296,Muravlenko,RU,63.7898,74.523,6.71,97,92,13.89,overcast clouds
297,Collie,AU,-33.3667,116.15,77.0,28,0,3.53,clear sky
298,Rosarito,MX,32.3333,-117.0333,72.28,20,2,19.57,clear sky
299,Cururupu,BR,-1.8283,-44.8683,75.49,92,98,2.53,overcast clouds
300,Qingdao,CN,36.0986,120.3719,20.8,49,0,11.18,clear sky
301,Xifeng,CN,42.7372,124.7222,2.41,75,1,7.16,clear sky
302,Eureka,US,40.8021,-124.1637,55.2,80,98,5.01,overcast clouds
303,Maturin,VE,9.75,-63.1767,78.28,55,1,9.6,clear sky
304,Okhotsk,RU,59.3833,143.3,-1.79,72,91,15.52,overcast clouds
305,Tilichiki,RU,60.4667,166.1,-7.29,82,97,8.99,overcast clouds
306,Basna,IN,21.2833,82.8167,55.74,35,3,1.05,clear sky
307,Tessalit,ML,20.1986,1.0114,60.89,14,0,10.58,clear sky
308,Danville,US,36.586,-79.395,63.03,80,100,10.36,overcast clouds
309,Hobyo,SO,5.3505,48.5268,75.69,71,15,15.32,few clouds
310,Antofagasta,CL,-23.65,-70.4,67.28,72,5,9.33,clear sky
311,Livingstonia,MW,-10.606,34.1063,63.41,79,100,3.94,overcast clouds
312,Codrington,AU,-38.2667,141.9667,66.02,61,90,14.38,overcast clouds
313,Sao Jose Da Coroa Grande,BR,-8.8978,-35.1478,79.43,70,22,9.71,few clouds
314,Sidrolandia,BR,-20.9319,-54.9614,81.39,88,60,4.0,broken clouds
315,Lagoa,PT,39.05,-27.9833,57.65,84,70,19.89,broken clouds
316,Atkarsk,RU,51.8718,45.0078,13.77,97,99,7.14,overcast clouds
317,Baoding,CN,38.8511,115.4903,20.03,37,4,2.46,clear sky
318,Huntsville,US,34.7304,-86.5861,33.93,88,100,4.0,overcast clouds
319,Katsuura,JP,35.1333,140.3,37.51,52,48,16.2,scattered clouds
320,Shenzhen,CN,22.5455,114.0683,58.14,87,76,7.72,broken clouds
321,Beterou,BJ,9.1992,2.2586,75.94,17,0,5.5,clear sky
322,Acapulco,MX,16.8634,-99.8901,80.4,62,0,6.42,clear sky
323,Mackenzie,CA,55.2999,-123.1698,35.82,87,40,18.41,scattered clouds
324,Changping,CN,40.2186,116.2197,20.84,42,0,6.11,clear sky
325,Ostrovnoy,RU,68.0531,39.5131,8.71,91,100,16.49,overcast clouds
326,Atakpame,TG,7.5333,1.1333,76.84,68,16,4.41,few clouds
327,Mount Pleasant,US,32.7941,-79.8626,67.08,96,100,1.99,overcast clouds
328,Te Anau,NZ,-45.4167,167.7167,55.54,52,24,3.98,few clouds
329,Sheregesh,RU,52.9209,87.9869,-0.33,99,72,2.57,broken clouds
330,Sabang,ID,5.8933,95.3214,81.84,74,88,14.88,overcast clouds
331,Iracoubo,GF,5.4802,-53.2011,76.01,88,100,8.25,overcast clouds
332,Kiama,AU,-34.6833,150.8667,69.39,73,91,14.05,light rain
333,Shache,CN,38.4167,77.2406,22.91,48,43,3.71,scattered clouds
334,Gornopravdinsk,RU,60.05,69.9,16.92,98,100,1.95,overcast clouds
335,Hami,CN,42.8,93.45,22.93,36,85,2.84,overcast clouds
336,San Jose,US,37.3394,-121.895,68.76,36,0,5.99,clear sky
337,Colomiers,FR,43.6167,1.35,52.29,93,100,5.75,overcast clouds
338,Grand Gaube,MU,-20.0064,57.6608,79.38,82,100,8.01,overcast clouds
339,Barcelos,PT,41.5388,-8.6151,50.85,86,81,4.63,broken clouds
340,Phalaborwa,ZA,-23.943,31.1411,71.83,86,15,13.06,few clouds
341,Georgetown,MY,5.4112,100.3354,78.73,95,40,1.99,scattered clouds
342,Amboise,FR,47.4125,0.9827,36.14,100,0,3.44,clear sky
343,Tanout,NE,14.9709,8.8879,56.53,19,0,13.29,clear sky
344,Plettenberg Bay,ZA,-34.0527,23.3716,64.69,74,97,8.03,overcast clouds
345,Ailigandi,PA,9.2333,-78.0167,79.77,84,72,12.75,broken clouds
346,Banda Aceh,ID,5.5577,95.3222,77.79,81,91,8.43,overcast clouds
347,Donghai,CN,22.9459,115.642,51.94,74,100,5.82,overcast clouds
348,Beringovskiy,RU,63.05,179.3167,-8.88,87,92,11.74,overcast clouds
349,Angoram,PG,-4.0625,144.0661,81.7,75,87,3.22,overcast clouds
350,Pitimbu,BR,-7.4706,-34.8086,81.19,68,26,12.12,scattered clouds
351,Eyl,SO,7.9803,49.8164,70.27,69,9,7.81,clear sky
352,San Ramon,US,37.7799,-121.978,66.56,45,1,3.0,clear sky
353,Camacha,PT,33.0833,-16.3333,60.22,88,20,5.75,few clouds
354,Caborca,MX,30.5838,-111.101,62.17,13,1,15.05,clear sky
355,Yeppoon,AU,-23.1333,150.7333,76.78,66,99,19.57,overcast clouds
356,Sokolniki,PL,50.638,21.8065,38.19,79,100,3.0,overcast clouds
357,Luorong,CN,24.4058,109.6086,42.21,79,3,5.57,clear sky
358,Lieksa,FI,63.3167,30.0167,17.35,81,100,18.59,overcast clouds
359,Talnakh,RU,69.4865,88.3972,1.2,95,99,6.4,overcast clouds
360,Broken Hill,AU,-31.95,141.4333,69.51,46,96,17.27,overcast clouds
361,Iskateley,RU,67.6803,53.1512,-12.23,100,98,6.53,overcast clouds
362,Poya,NC,-21.35,165.15,85.23,74,94,4.68,overcast clouds
363,Abu Dhabi,AE,24.4667,54.3667,66.96,86,5,4.61,clear sky
364,Camopi,GF,3.1655,-52.3158,72.5,98,63,2.89,broken clouds
365,Bilibino,RU,68.0546,166.4372,-9.2,78,1,5.03,clear sky
366,Saldanha,ZA,-33.0117,17.9442,60.85,70,0,15.61,clear sky
367,Itambacuri,BR,-18.0311,-41.685,73.04,96,100,5.79,heavy intensity rain
368,Himatnagar,IN,23.6,72.95,54.41,27,0,0.58,clear sky
369,Rumoi,JP,43.9344,141.6428,21.0,82,99,1.79,light snow
370,Toora-Khem,RU,52.4675,96.11,-23.85,100,94,1.25,overcast clouds
371,Ca Mau,VN,9.1769,105.15,77.59,71,57,13.98,broken clouds
372,Kamir,PK,30.4333,73.05,47.77,79,0,6.29,clear sky
373,Culiacan,MX,24.7994,-107.3897,80.15,37,0,9.48,clear sky
374,Price,US,39.5994,-110.8107,32.41,47,1,2.48,clear sky
375,Pasighat,IN,28.0667,95.3333,55.89,92,100,5.21,overcast clouds
376,Vila Velha,BR,-20.3297,-40.2925,78.94,87,75,5.99,broken clouds
377,Buala,SB,-8.145,159.5921,83.14,81,100,8.43,light rain
378,Nkoteng,CM,4.5167,12.0333,69.93,32,31,3.65,scattered clouds
379,Mount Isa,AU,-20.7333,139.5,76.77,36,31,10.36,scattered clouds
380,Weligama,LK,5.9667,80.4167,72.68,89,36,4.9,scattered clouds
381,Itarema,BR,-2.9248,-39.9167,79.65,78,84,12.03,broken clouds
382,Wote,KE,-1.7808,37.6288,66.99,60,93,5.17,overcast clouds
383,Inhambane,MZ,-23.865,35.3833,79.48,62,71,13.02,broken clouds
384,Cabedelo,BR,-6.9811,-34.8339,81.27,69,16,12.8,few clouds
385,Huilong,CN,31.8111,121.655,40.03,73,16,10.74,few clouds
386,Iwanai,JP,42.9744,140.5089,23.4,76,100,4.79,light snow
387,Kavieng,PG,-2.5744,150.7967,83.19,71,90,6.49,overcast clouds
388,Bengkulu,ID,-3.8004,102.2655,72.9,95,100,4.81,light rain
389,Usolye,RU,59.4268,56.6808,21.22,94,100,5.41,light snow
390,Urumqi,CN,43.801,87.6005,-1.25,85,100,2.24,fog
391,Lloydminster,CA,53.2835,-110.0016,-0.18,78,100,11.5,mist
392,Ewa Beach,US,21.3156,-158.0072,81.01,56,0,4.0,clear sky
393,Christchurch,NZ,-43.5333,172.6333,57.9,90,100,4.0,overcast clouds
394,Gagra,GE,43.3283,40.2239,32.92,98,100,8.19,snow
395,Port Blair,IN,11.6667,92.75,75.24,94,40,2.3,mist
396,Lokoja,NG,7.8024,6.743,79.25,16,1,2.59,clear sky
397,Myitkyina,MM,25.3833,97.4,55.6,72,97,2.24,overcast clouds
398,Madang,PG,-5.2246,145.7966,80.56,84,98,6.98,moderate rain
399,Santa Cruz De Tenerife,ES,28.4682,-16.2546,66.88,64,20,3.0,few clouds
400,Port Lincoln,AU,-34.7333,135.8667,68.22,73,89,13.33,overcast clouds
401,Hirara,JP,24.8,125.2833,61.07,63,75,17.27,broken clouds
402,Akyab,MM,20.15,92.9,64.92,75,0,5.08,clear sky
403,San Cristobal,VE,7.7669,-72.225,77.18,85,74,2.17,broken clouds
404,Miri,MY,4.4148,114.0089,73.54,100,40,2.3,scattered clouds
405,Hatillo,PR,18.4863,-66.8254,77.02,92,56,1.01,broken clouds
406,Shelopugino,RU,51.6514,117.5599,-17.21,100,100,2.48,overcast clouds
407,Saint Anthony,US,45.0205,-93.218,9.25,62,100,7.0,overcast clouds
408,Ballina,AU,-28.8667,153.5667,68.18,85,100,10.36,overcast clouds
409,Nanyamba,TZ,-10.6833,39.8333,70.86,97,61,4.38,light rain
410,Arak,IR,34.0917,49.6892,35.74,76,8,10.04,clear sky
411,Kudahuvadhoo,MV,2.6708,72.8944,81.25,75,70,8.55,broken clouds
412,Richards Bay,ZA,-28.783,32.0377,71.87,95,100,16.37,heavy intensity rain
413,Baghdad,IQ,33.3406,44.4009,49.91,66,0,4.61,clear sky
414,Kazanka,UA,47.8462,32.8218,20.01,84,6,4.59,clear sky
415,Tupancireta,BR,-29.0806,-53.8358,72.68,84,59,4.36,broken clouds
416,Jiazi,CN,22.8779,116.067,53.11,77,99,10.54,overcast clouds
417,Renqiu,CN,38.6989,116.0936,19.83,37,1,1.3,clear sky
418,High Prairie,CA,55.4334,-116.4858,14.56,94,100,3.65,light snow
419,Carbondale,US,37.7273,-89.2168,27.03,77,0,5.75,clear sky
420,Egvekinot,RU,66.3167,-179.1667,-2.22,68,0,13.33,clear sky
421,Pangody,RU,65.85,74.4859,11.89,96,100,5.44,light snow
422,Cacapava Do Sul,BR,-30.5122,-53.4914,69.93,92,49,2.86,scattered clouds
423,Kaeo,NZ,-35.1,173.7833,75.33,90,88,11.25,overcast clouds
424,Moshi,TZ,-3.35,37.3333,70.38,59,100,3.22,overcast clouds
425,Pozo Colorado,PY,-23.4923,-58.7972,95.4,33,84,9.86,broken clouds
426,Asau,RO,46.4333,26.4,33.4,77,36,5.82,scattered clouds
427,Zvishavane,ZW,-20.3267,30.0665,69.78,75,13,6.91,light rain
428,Povenets,RU,62.8487,34.8262,2.3,99,99,8.81,overcast clouds
429,Cap-Aux-Meules,CA,47.3821,-61.8597,21.25,93,100,32.21,light snow
430,Rognan,NO,67.0953,15.3878,24.94,84,37,11.59,scattered clouds
431,Jumla,NP,29.2747,82.1838,17.31,88,91,7.05,overcast clouds
432,Hamilton,US,39.1834,-84.5333,24.89,85,100,1.01,overcast clouds
433,Farmington,US,36.7281,-108.2187,37.87,28,0,5.01,clear sky
434,Kawalu,ID,-7.3817,108.2082,71.87,93,90,2.53,overcast clouds
435,Saurimo,AO,-9.6608,20.3916,64.29,94,80,4.09,broken clouds
436,Zhangye,CN,38.9342,100.4517,16.93,37,100,3.62,overcast clouds
437,La Ronge,CA,55.1001,-105.2842,-10.95,70,100,8.05,overcast clouds
438,Palm City,US,27.1678,-80.2662,78.1,72,20,9.22,few clouds
439,San Juan Del Sur,NI,11.2529,-85.8705,88.02,51,20,4.61,few clouds
440,Vestmannaeyjar,IS,63.4427,-20.2734,33.89,66,100,26.49,overcast clouds
441,Sitka,US,57.0531,-135.33,41.38,99,100,9.24,moderate rain
442,Comodoro Rivadavia,AR,-45.8667,-67.5,60.66,55,20,8.05,few clouds
443,Valdivia,CL,-39.8142,-73.2459,71.69,64,44,2.37,scattered clouds
444,Ust-Tsilma,RU,65.441,52.1498,-14.37,100,99,2.53,overcast clouds
445,Saint-Joseph,RE,-21.3667,55.6167,79.16,84,100,22.32,light rain
446,Port Hedland,AU,-20.3167,118.5667,84.25,79,100,3.44,overcast clouds
447,Ovsyanka,RU,55.9575,92.5519,22.23,89,100,6.71,overcast clouds
448,Pacific Grove,US,36.6177,-121.9166,68.45,54,0,4.0,clear sky
449,Babaeski,TR,41.4325,27.0931,33.46,84,6,4.27,clear sky
450,Chicama,PE,-7.8447,-79.1469,70.34,68,66,8.95,broken clouds
451,Honggang,CN,46.4667,124.8667,-6.56,92,99,5.95,overcast clouds
452,Dingle,PH,10.9995,122.6711,74.34,90,97,10.78,overcast clouds
453,Brae,GB,60.3964,-1.353,40.91,59,100,29.53,overcast clouds
454,Mnogovershinnyy,RU,53.9353,139.9242,-2.27,96,100,6.49,overcast clouds
455,Pangkalanbuun,ID,-2.6833,111.6167,73.38,98,98,1.68,overcast clouds
456,Meulaboh,ID,4.1363,96.1285,75.2,87,100,4.94,overcast clouds
457,Non Sang,TH,16.8687,102.5664,66.31,68,38,3.78,scattered clouds
458,Gualeguaychu,AR,-33.0094,-58.5172,79.03,57,99,11.97,overcast clouds
459,Den Helder,NL,52.9599,4.7593,43.07,73,75,25.01,broken clouds
460,Ilek,RU,51.5271,53.3831,27.57,88,100,11.1,overcast clouds
461,San Francisco Menendez,SV,13.8431,-90.0158,80.64,61,6,10.25,clear sky
462,Breytovo,RU,58.2993,37.8617,-0.76,100,100,0.85,overcast clouds
463,Nelson Bay,AU,-32.7167,152.15,73.96,67,88,4.0,overcast clouds
464,Chulman,RU,56.8479,124.9104,-9.63,98,100,5.32,overcast clouds
465,Sebastian,US,35.1668,-94.2669,34.09,85,33,5.28,scattered clouds
466,Talaya,RU,61.3833,152.75,-40.81,100,79,1.57,broken clouds
467,Kharp,RU,66.8014,65.8081,7.99,91,100,7.45,overcast clouds
468,Kautokeino,NO,69.0125,23.0412,13.53,93,100,18.54,overcast clouds
469,Nemuro,JP,43.3236,145.575,23.13,69,21,11.7,few clouds
470,Uthal,PK,25.8072,66.6219,63.12,33,0,1.39,clear sky
471,Tres Arroyos,AR,-38.3739,-60.2798,61.39,89,100,15.61,light rain
472,Impfondo,CG,1.6381,18.0667,72.64,34,100,1.9,overcast clouds
473,Pampierstad,ZA,-27.7832,24.6877,67.03,71,1,5.64,clear sky
474,Harper,LR,4.375,-7.7169,79.92,81,31,7.85,scattered clouds
475,Severnoye,RU,56.3491,78.3619,14.9,82,99,11.92,overcast clouds
476,Venado,MX,22.9333,-101.0833,64.0,45,71,10.74,broken clouds
477,Sibolga,ID,1.7427,98.7792,73.53,88,100,3.51,overcast clouds
478,Sioux Lookout,CA,50.1001,-91.917,1.78,60,20,5.75,few clouds
479,Verkhoyansk,RU,67.5447,133.385,-40.61,100,60,1.01,broken clouds
480,Saint-Pierre,RE,-21.3393,55.4781,80.24,83,75,3.44,broken clouds
481,Korla,CN,41.7597,86.1469,25.47,45,100,4.68,overcast clouds
482,Yulara,AU,-25.2406,130.9889,71.13,34,0,10.87,clear sky
483,Mersing,MY,2.4312,103.8405,76.42,89,100,9.13,overcast clouds
484,Sovetskiy,RU,61.3614,63.5842,3.99,97,100,0.56,overcast clouds
485,Krumovgrad,BG,41.4667,25.65,36.34,90,13,5.41,few clouds
486,Ottawa,CA,45.4112,-75.6981,12.97,70,75,3.0,broken clouds
487,Phatthalung,TH,7.5,100.0833,78.03,80,99,13.85,overcast clouds
488,Palana,RU,59.1167,159.9667,10.11,83,100,9.28,overcast clouds
489,Biltine,TD,14.5333,20.9167,63.23,19,0,20.49,clear sky
490,Vao,NC,-22.6667,167.4833,80.38,87,100,17.54,light rain
491,Luderitz,NA,-26.6481,15.1594,67.14,74,16,7.94,few clouds
492,Rio Casca,BR,-20.2261,-42.6508,72.9,96,100,4.5,heavy intensity rain
493,Leningradskiy,RU,69.3833,178.4167,-13.14,90,56,9.19,broken clouds
494,Zalesovo,RU,53.9939,84.7431,-9.49,100,100,3.42,overcast clouds
495,Bandarbeyla,SO,9.4942,50.8122,73.24,72,1,8.16,clear sky
496,Caravelas,BR,-17.7125,-39.2481,77.09,88,100,8.12,overcast clouds
497,Puerto Del Rosario,ES,28.5004,-13.8627,67.68,59,0,4.61,clear sky
498,Agadez,NE,19.75,10.25,55.45,24,0,9.15,clear sky
499,Mindelo,CV,16.8901,-24.9804,69.46,83,1,20.36,clear sky
500,Peterhead,GB,57.5058,-1.7981,36.45,71,23,26.19,few clouds
501,Paamiut,GL,61.994,-49.6678,7.0,91,100,7.76,light snow
502,Yerbogachen,RU,61.2767,108.0108,-21.53,100,98,3.18,overcast clouds
503,Nicolas Bravo,MX,18.45,-88.9167,82.31,62,14,4.72,few clouds
504,Panorama,GR,40.5878,23.0315,38.91,58,0,1.01,clear sky
505,Glenwood Springs,US,39.5505,-107.3248,38.43,30,0,3.44,clear sky
506,Moratuwa,LK,6.773,79.8816,77.02,81,12,4.45,few clouds
507,Byron Bay,AU,-28.65,153.6167,75.06,58,99,20.92,overcast clouds
508,Kyenjojo,UG,0.6328,30.6214,67.59,54,100,0.4,overcast clouds
509,Abu Zabad,SD,12.35,29.25,63.7,16,91,16.64,overcast clouds
510,Martapura,ID,-3.4167,114.85,75.29,100,100,3.44,mist
511,Kununurra,AU,-15.7667,128.7333,78.78,94,100,2.3,overcast clouds
512,Hassleholm,SE,56.1591,13.7664,37.18,84,100,10.96,overcast clouds
513,Sukhodol,RU,53.9006,51.2117,27.72,96,100,8.57,overcast clouds
514,Sebinkarahisar,TR,40.2883,38.4236,11.57,85,99,4.81,overcast clouds
515,Nobeoka,JP,32.5833,131.6667,33.76,55,8,7.67,clear sky
516,Ust-Maya,RU,60.4167,134.5333,-31.95,100,95,0.85,overcast clouds
517,Calvia,ES,39.5657,2.5062,54.91,80,100,5.48,overcast clouds
518,Sisimiut,GL,66.9395,-53.6735,5.22,85,100,26.55,overcast clouds
519,Evensk,RU,61.95,159.2333,15.12,44,0,19.26,clear sky
520,Turayf,SA,31.6725,38.6637,39.97,82,8,13.4,clear sky
521,Florianopolis,BR,-27.6146,-48.5012,77.38,93,100,1.99,light rain
522,Kamaishi,JP,39.2667,141.8833,18.55,57,55,12.21,broken clouds
523,Salvador,SV,13.8333,-88.9167,79.05,47,19,6.31,few clouds
524,Pandan,PH,14.0453,124.1694,75.9,88,100,15.32,light rain
525,Paripiranga,BR,-10.6875,-37.8617,73.26,76,18,12.24,few clouds
526,Crotone,IT,39.0851,17.1178,52.29,58,50,3.85,scattered clouds
527,Fare,PF,-16.7,-151.0167,80.62,75,55,14.27,broken clouds
528,Yuancheng,CN,36.652,107.7896,20.17,34,94,5.91,overcast clouds
529,Pueblo,US,38.2545,-104.6091,39.96,50,1,1.99,clear sky
530,Seeboden,AT,46.8219,13.495,40.77,90,97,3.09,overcast clouds
531,Kismayo,SO,-0.3582,42.5454,77.27,82,87,14.38,overcast clouds
532,Mantua,IT,45.1667,10.7833,49.48,89,100,1.81,overcast clouds
533,Oranjestad,AW,12.524,-70.027,78.91,77,0,19.53,clear sky
534,Boke,GN,10.9409,-14.2967,72.18,82,2,3.33,clear sky
535,Hovd,MN,48.0056,91.6419,-11.24,78,8,3.69,clear sky
536,Mao,ES,39.8885,4.2658,50.56,87,0,1.14,clear sky
537,Craig,US,40.5153,-107.5464,26.22,85,6,2.21,clear sky
538,Naro,IT,37.2935,13.7936,48.56,93,5,3.4,clear sky
539,Biak,ID,-0.9131,122.8766,77.09,81,97,2.53,overcast clouds
540,Kodinsk,RU,58.6881,99.1844,10.08,96,100,4.92,overcast clouds
541,Mahon,ES,39.8885,4.2658,50.56,87,0,1.14,clear sky
542,Vanimo,PG,-2.6741,141.3028,81.73,77,70,4.88,broken clouds
543,Santa Marta,CO,11.2408,-74.199,83.89,66,4,17.0,clear sky
544,Pinillos,CO,8.9193,-74.4677,85.8,59,42,4.65,scattered clouds
545,Perth,AU,-31.9333,115.8333,80.67,44,0,5.75,clear sky
546,Pevek,RU,69.7008,170.3133,-23.4,100,88,6.06,overcast clouds
547,Algiers,DZ,36.7525,3.042,46.22,71,0,2.3,clear sky
548,Puerto Baquerizo Moreno,EC,-0.9,-89.6,83.39,70,20,18.41,few clouds
549,Namie,JP,37.4833,141.0,32.97,80,49,9.24,scattered clouds
550,Quelimane,MZ,-17.8786,36.8883,72.99,90,46,3.27,scattered clouds
551,Puerto Escondido,MX,15.85,-97.0667,81.91,60,1,5.32,clear sky
552,Ust-Omchug,RU,61.15,149.6333,-21.33,84,100,4.43,overcast clouds
553,Lazarev,RU,52.225,141.5131,4.21,94,100,9.53,light snow
554,Zhurivka,UA,50.5028,31.7849,15.78,100,79,1.14,broken clouds
555,Jaque,PA,7.5175,-78.1703,80.96,79,30,2.46,light rain
556,Ponta Delgada,PT,37.7333,-25.6667,61.5,72,20,8.05,few clouds
557,Coromandel,BR,-18.4733,-47.2003,68.79,90,92,3.02,overcast clouds
558,Beroroha,MG,-21.6667,45.1667,75.42,70,27,4.03,scattered clouds
559,Jiuquan,CN,39.7432,98.5174,15.1,39,100,3.44,overcast clouds
560,Cap Malheureux,MU,-19.9842,57.6142,79.47,82,100,7.0,overcast clouds
561,Bari,IT,41.1177,16.8512,51.84,88,0,1.99,clear sky
562,George Town,MY,5.4112,100.3354,78.73,94,40,1.99,scattered clouds
563,Kruisfontein,ZA,-34.0033,24.7314,63.88,73,100,5.64,overcast clouds
564,Itaberaba,BR,-12.5275,-40.3069,79.5,65,98,8.39,overcast clouds
565,Mikkeli,FI,61.6886,27.2723,19.51,86,100,17.27,overcast clouds
566,Roald,NO,62.5833,6.1333,39.34,70,75,31.07,broken clouds
567,Leh,IN,34.1667,77.5833,-5.4,91,100,3.76,overcast clouds
568,Fukue,JP,32.6881,128.8419,41.5,68,100,27.31,overcast clouds
569,Asbestovskiy,RU,57.7557,61.3967,19.9,98,100,3.69,overcast clouds
570,Burgersdorp,ZA,-30.9977,26.3286,59.34,79,26,9.66,scattered clouds
571,Minab,IR,27.1467,57.0801,65.34,74,0,2.59,clear sky
572,Keelung,TW,25.1283,121.7419,55.94,82,100,14.97,overcast clouds
573,Muroto,JP,33.2833,134.15,39.69,56,53,22.32,broken clouds
574,Asyut,EG,27.181,31.1837,49.73,57,5,8.3,clear sky
575,Hede,CN,33.7681,120.2517,26.38,50,0,6.22,clear sky
576,Coahuayana,MX,18.7333,-103.6833,82.94,44,0,6.67,clear sky
577,Gazli,UZ,40.1333,63.45,42.53,42,1,13.91,clear sky
578,Chernyshevskiy,RU,63.0128,112.4714,-20.99,100,96,1.54,overcast clouds
579,Wattegama,LK,6.7989,81.4808,67.17,92,33,2.28,scattered clouds
580,Dymer,UA,50.7865,30.3026,18.12,97,39,4.79,scattered clouds
581,Acarau,BR,-2.8856,-40.12,79.61,79,76,12.15,broken clouds
582,Cancun,MX,21.1743,-86.8466,84.06,66,1,6.15,clear sky
583,Barra Patuca,HN,15.8,-84.2833,79.14,73,18,7.87,few clouds
584,Bonavista,CA,48.6499,-53.1147,30.11,94,100,22.5,snow
585,Husavik,IS,66.0449,-17.3389,22.75,93,100,4.34,light snow
586,Yuli,NG,9.6989,10.2744,69.96,16,0,7.65,clear sky
587,Strezhevoy,RU,60.7333,77.5889,24.78,97,100,8.75,light snow
588,Santa Barbara,US,34.7333,-120.0343,62.42,34,0,6.91,clear sky
589,Ndele,CF,8.4109,20.6473,73.4,20,33,5.17,scattered clouds
590,Sevierville,US,35.8681,-83.5618,45.81,91,100,8.05,mist
591,Mascota,MX,20.5167,-104.7833,62.31,36,29,6.29,scattered clouds
592,Pareora,NZ,-44.4871,171.2132,54.18,97,100,11.65,overcast clouds
593,Moroni,KM,-11.7022,43.2551,80.33,81,100,9.28,light rain
594,Tsogni,GA,-2.7942,10.0988,75.18,85,71,0.69,broken clouds
595,Datong,CN,40.0936,113.2914,9.75,61,1,3.02,clear sky
596,Santa Rosa,PH,14.3122,121.1114,77.11,78,86,12.73,overcast clouds
597,Bonthe,SL,7.5264,-12.505,76.78,85,38,5.1,scattered clouds
598,Portland,US,45.5234,-122.6762,50.45,87,100,1.99,overcast clouds
599,Molde,NO,62.7375,7.1591,39.13,87,75,28.77,light snow
600,Poronaysk,RU,49.2167,143.1167,10.98,83,100,9.01,overcast clouds
601,Kerman,IR,30.2832,57.0788,54.41,25,5,3.0,clear sky
602,Camargo,MX,27.6667,-105.1667,48.87,22,4,9.46,clear sky
603,Beira,MZ,-19.8436,34.8389,77.4,84,78,6.15,light rain
604,Slave Lake,CA,55.2834,-114.769,13.17,95,100,4.79,snow
605,Maracaibo,VE,10.6317,-71.6406,80.67,70,7,14.45,clear sky
606,Vilhena,BR,-12.7406,-60.1458,71.46,91,87,1.68,overcast clouds
607,Lakatoro,VU,-16.0999,167.4164,80.42,85,100,22.03,overcast clouds
608,Westport,US,41.1415,-73.3579,35.8,93,100,3.0,snow
609,Nalut,LY,30.3333,10.85,51.8,31,39,9.51,scattered clouds
610,Vila,PT,42.0304,-8.1588,40.75,86,78,3.33,broken clouds
611,Mingguang,CN,32.7802,117.9638,30.97,68,7,7.2,clear sky
612,Nayoro,JP,44.3506,142.4578,17.22,93,100,1.68,light snow
613,Carmen,MX,18.6333,-91.8333,76.19,84,33,15.46,scattered clouds
614,Bredy,RU,52.4153,60.3411,20.08,91,100,9.26,overcast clouds
615,Ngaoundere,CM,7.3167,13.5833,63.57,20,32,5.7,scattered clouds
616,Key West,US,24.5557,-81.7826,77.0,87,51,14.05,broken clouds
617,Shizuishan,CN,39.2333,106.7694,14.45,43,88,2.21,overcast clouds
618,Maunabo,PR,18.0072,-65.8993,73.42,91,100,12.88,overcast clouds
619,Tchollire,CM,8.4022,14.1698,67.84,17,39,1.39,scattered clouds
620,Ust-Karsk,RU,52.7011,118.8077,-11.09,99,100,2.3,overcast clouds
621,Manzhouli,CN,49.6,117.4333,-9.04,92,45,8.23,scattered clouds
622,Gushikawa,JP,26.3544,127.8686,58.23,58,92,15.99,overcast clouds
623,Berbera,SO,10.4396,45.0143,73.54,64,3,2.57,clear sky
624,Morondava,MG,-20.2833,44.2833,81.19,70,55,10.96,broken clouds
625,Molinella,IT,44.6213,11.6686,48.2,90,100,3.0,overcast clouds
626,Vestmanna,FO,62.1564,-7.1664,32.92,55,75,19.57,broken clouds
627,Colares,PT,38.7992,-9.4469,55.33,71,100,1.01,overcast clouds
628,Reutte,AT,47.4833,10.7167,40.08,95,95,4.54,overcast clouds
629,Thames,NZ,-37.1333,175.5333,84.4,60,22,9.15,few clouds
630,Urusha,RU,54.05,122.9,-1.23,86,100,4.05,overcast clouds
631,Oneida,US,43.2001,-75.4663,18.01,87,100,1.01,mist
632,Sabha,LY,27.0377,14.4283,49.86,36,0,4.38,clear sky
633,Bijar,IR,35.8668,47.6051,24.37,87,90,6.04,overcast clouds
634,Goderich,CA,43.7501,-81.7165,15.91,79,100,8.05,overcast clouds
635,Boguchany,RU,58.3814,97.4531,16.23,94,100,8.12,light snow
636,Kapit,MY,2.0167,112.9333,72.55,100,100,0.63,overcast clouds
637,Alaca,TR,40.1683,34.8425,18.16,95,97,2.71,overcast clouds
638,Cochrane,CA,51.1834,-114.4687,43.21,57,100,20.31,overcast clouds
639,Bulawayo,ZW,-20.15,28.5833,66.24,75,20,6.78,few clouds
640,Basco,PH,20.4487,121.9702,72.37,74,96,29.37,overcast clouds
641,Beloha,MG,-25.1667,45.05,74.75,87,47,16.87,scattered clouds
642,Dubovyy Umet,RU,52.9763,50.2857,24.69,97,100,5.66,light snow
643,Constitucion,CL,-35.3333,-72.4167,64.24,76,18,16.96,few clouds
644,Sur,OM,22.5667,59.5289,69.51,61,2,6.87,clear sky
645,Saint-Augustin,CA,51.226,-58.6502,-2.96,86,100,7.9,overcast clouds
646,Mbandaka,CD,0.0487,18.2603,74.66,65,100,3.53,overcast clouds
647,Marystown,CA,47.1666,-55.1483,36.86,100,100,5.99,overcast clouds
648,Ampanihy,MG,-24.7,44.75,71.94,88,36,11.1,scattered clouds
649,Abha,SA,18.2164,42.5053,55.65,82,0,17.27,clear sky
650,Hambantota,LK,6.1241,81.1185,73.0,84,19,6.87,few clouds
651,Salinopolis,BR,-0.6136,-47.3561,78.6,84,99,8.97,moderate rain
652,Isangel,VU,-19.55,169.2667,77.74,92,100,7.18,moderate rain
653,Kingaroy,AU,-26.5333,151.8333,68.04,60,0,17.27,clear sky
654,Inongo,CD,-1.95,18.2667,74.75,83,100,3.76,overcast clouds
655,Hannibal,US,39.7084,-91.3585,25.75,81,57,12.06,broken clouds
656,Port Hardy,CA,50.6996,-127.4199,46.58,87,100,4.61,light rain
657,Sindi,IN,20.8,78.8667,58.12,31,51,5.7,broken clouds
658,Suleja,NG,9.1758,7.1808,77.23,13,0,9.71,clear sky
659,Atherton,GB,53.5237,-2.4935,42.42,80,24,10.0,few clouds
660,Riberalta,BO,-10.9833,-66.1,82.6,78,75,6.91,moderate rain
661,Penzance,GB,50.1186,-5.5371,45.77,66,77,15.93,broken clouds
662,Porbandar,IN,21.6422,69.6093,65.19,63,3,3.11,clear sky
663,Ushtobe,KZ,45.2514,77.9838,13.39,90,15,10.22,few clouds
664,Balkanabat,TM,39.5108,54.3671,53.29,52,61,6.15,broken clouds
665,Borogontsy,RU,62.6683,131.1683,-37.98,100,100,0.54,overcast clouds
666,Causapscal,CA,48.3542,-67.227,5.72,96,100,4.83,overcast clouds
667,Pointe-Noire,CG,-4.7761,11.8635,77.41,81,57,1.77,broken clouds
668,Pleasantville,US,39.3898,-74.524,39.33,96,100,10.36,overcast clouds
669,Butembo,CD,0.15,29.2833,62.49,68,100,2.68,overcast clouds
670,Sallama,IL,32.8944,35.3693,47.32,96,92,1.5,overcast clouds
671,Baykit,RU,61.67,96.37,11.05,97,100,3.49,light snow
672,Koungou,YT,-12.7336,45.2042,82.11,78,0,10.36,light rain
673,Cherskiy,RU,68.75,161.3,-34.55,98,13,4.36,few clouds
674,Vostok,RU,46.4856,135.8833,-9.89,98,100,2.86,overcast clouds
675,Takoradi,GH,4.8845,-1.7554,79.77,84,43,5.21,scattered clouds
676,Kurilsk,RU,45.2333,147.8833,23.74,76,100,8.81,light snow
677,Harbour Breton,CA,47.4833,-55.7983,37.0,93,100,22.1,overcast clouds
678,Prachuap Khiri Khan,TH,12.2167,99.75,76.69,93,35,2.28,scattered clouds
679,Trastenik,BG,43.52,24.4685,30.04,74,75,4.61,broken clouds
680,Carcassonne,FR,43.25,2.1667,54.32,88,75,11.5,broken clouds
681,Petropavlovsk-Kamchatskiy,RU,53.0452,158.6483,23.59,63,75,4.47,broken clouds
682,Evans,US,33.5337,-82.1307,62.76,78,100,3.0,moderate rain
683,Miramar,US,25.9873,-80.2323,77.05,75,0,11.5,clear sky
684,Darnah,LY,32.767,22.6367,52.9,74,3,13.31,clear sky
685,Paracuru,BR,-3.41,-39.0306,82.11,80,98,11.07,overcast clouds
686,Yar-Sale,RU,66.8333,70.8333,6.04,96,100,5.99,overcast clouds
687,Nyurba,RU,63.2842,118.3319,-27.22,100,65,2.3,broken clouds
688,Khandyga,RU,62.6667,135.6,-41.93,100,59,1.9,broken clouds
689,Key Largo,US,25.0865,-80.4473,76.01,81,2,10.94,clear sky
690,Yen Bai,VN,21.7,104.8667,55.8,76,97,2.28,overcast clouds
691,Aktash,RU,50.3,87.7333,-18.72,78,3,5.39,clear sky
692,Carutapera,BR,-1.195,-46.02,76.21,93,99,6.4,overcast clouds
693,Kolosovka,RU,56.4678,73.611,19.56,81,100,11.5,overcast clouds
694,Aripuana,BR,-9.1667,-60.6333,74.93,96,99,0.96,overcast clouds
695,Camana,PE,-16.6228,-72.7111,72.01,77,63,7.63,broken clouds
696,Walvis Bay,NA,-22.9575,14.5053,66.09,79,68,4.43,broken clouds
697,Tura,IN,25.5198,90.2201,51.17,96,70,3.69,broken clouds
698,Launceston,AU,-41.45,147.1667,66.79,65,62,3.0,broken clouds
699,Cao Bang,VN,22.6667,106.25,46.53,94,3,0.72,clear sky
700,Loni,IN,28.75,77.2833,48.43,87,0,4.25,clear sky
701,Najran,SA,17.4924,44.1277,65.52,69,6,7.74,clear sky
702,Maracacume,BR,-2.0428,-45.9592,73.99,96,100,3.09,overcast clouds
703,Kholodnyy,RU,62.7167,147.95,-22.2,77,98,4.92,overcast clouds
704,Hualmay,PE,-11.0964,-77.6139,72.52,78,19,9.42,few clouds
705,Taksimo,RU,56.3444,114.8794,-8.75,92,92,2.91,overcast clouds
706,Nantucket,US,41.2835,-70.0995,39.31,94,100,12.66,overcast clouds
707,Matveyevka,RU,52.15,56.1833,22.19,83,100,12.37,overcast clouds
708,Rio Gallegos,AR,-51.6226,-69.2181,62.65,29,0,3.44,clear sky
709,Santa Cruz,BO,-17.8,-63.1667,80.65,78,40,9.22,scattered clouds
710,La Palma,US,33.8464,-118.0467,73.53,15,3,7.0,clear sky
711,Pilar,BR,-9.5972,-35.9567,76.93,73,14,6.29,few clouds
712,Zhicheng,CN,30.2956,111.5047,37.38,74,6,2.17,clear sky
713,Zemio,CF,5.0314,25.1361,74.46,28,100,2.77,overcast clouds
714,Balkany,HU,47.7707,21.8631,33.4,82,91,7.65,overcast clouds
715,Axim,GH,4.8699,-2.2405,78.87,85,16,2.93,few clouds
716,Broome,US,42.2506,-75.833,19.0,76,100,1.99,mist
717,Santa Maria,BR,-29.6842,-53.8069,79.9,83,20,3.44,few clouds
718,Lai,TD,9.3952,16.2989,72.88,16,34,6.49,scattered clouds
719,Sassandra,CI,4.95,-6.0833,78.62,87,51,5.53,broken clouds
720,Karratha,AU,-20.7377,116.8463,85.17,67,98,7.83,overcast clouds
721,Tanabe,JP,33.7333,135.3667,38.93,50,40,7.0,scattered clouds
722,Zhuhai,CN,22.2769,113.5678,57.97,76,40,17.27,scattered clouds
723,Okha,RU,53.5739,142.9478,2.03,92,100,20.42,overcast clouds
724,Derzhavinsk,KZ,51.1,66.3167,15.85,74,100,10.09,overcast clouds
725,Junction City,US,39.0286,-96.8314,41.7,56,0,1.01,clear sky
726,Tarakan,ID,3.3,117.6333,76.5,88,20,2.3,few clouds
727,Teguise,ES,29.0605,-13.564,64.62,64,0,9.22,clear sky
728,Mitu,CO,1.1983,-70.1733,75.04,90,85,2.33,overcast clouds
729,Waitati,NZ,-45.75,170.5667,57.79,57,100,5.68,overcast clouds
730,Camalu,MX,30.85,-116.0667,67.42,41,2,6.98,clear sky
731,Grindavik,IS,63.8424,-22.4338,27.07,68,100,19.57,overcast clouds
732,Barreiros,BR,-8.8183,-35.1864,78.21,72,32,7.4,scattered clouds
733,Belaya Gora,RU,68.5333,146.4167,-39.28,100,47,1.19,scattered clouds
734,Ixtapa,MX,20.7,-105.2,76.23,65,75,10.36,broken clouds
735,Puteyets,RU,65.1716,57.091,3.52,97,97,3.69,overcast clouds
736,Mercedes,AR,-34.6515,-59.4307,75.18,88,100,9.6,moderate rain
737,Verkh-Chebula,RU,56.0308,87.6218,17.02,81,100,15.7,overcast clouds
738,Bintulu,MY,3.1667,113.0333,74.25,93,89,5.03,overcast clouds
